{"name":"polynomialRegression","degree":5,"powers":[0,1,2,3,4,5],"coefficients":[1.2689165747516489,0.0000026761981401485716,-1.0704978450967723e-12,1.3767197944625075e-19,-7.223219579314142e-27,1.3286444600818884e-34]}