{"name":"polynomialRegression","degree":5,"powers":[0,1,2,3,4,5],"coefficients":[1.6115038004080608,0.0000022717947282945044,-1.1714299179992681e-12,2.0685717441208912e-19,-1.5271525150604845e-26,3.971404358562163e-34]}